{"class":"Image.Calibration.CameraModel","data":{"CameraID":"Cam_25, Grasshopper3 GS-U3-23S6M, , ","ImageWidth":480,"ImageHeight":300,"FocalDistance":0,"FocalDistanceUnit":"","IntrinsicK":[[1.03808023750000006e+03,0,235.38494300000004955],[0,1.03760533974999998e+03,151.66006699999999796],[0,0,1]],"WorldToSensorDistortion":[[-0.19327800000000001],[1.22242099999999997],[0],[0],[0]],"SensorToWorldDistortion":[[0],[0],[0],[0],[0]],"WorldToView":[[-0.02569600000000000,0.99372100000000003,0.10888600000000001,35.51708700000000362],[0.99933800000000001,0.02273099999999999,0.02838299999999999,-138.74183600000000637],[0.02572999999999999,0.10954399999999999,-0.99364800000000013,589.86411900000007335],[0,0,0,1]]}}