{"class":"Image.Calibration.CameraModel","data":{"CameraID":"Cam_86, Grasshopper3 GS-U3-23S6M, , ","ImageWidth":480,"ImageHeight":300,"FocalDistance":0,"FocalDistanceUnit":"","IntrinsicK":[[1.03504998249999994e+03,0,239.33282224999999243],[0,1.03462863474999994e+03,145.18447500000002037],[0,0,1]],"WorldToSensorDistortion":[[-0.21080600000000000],[1.43748600000000026],[0],[0],[0]],"SensorToWorldDistortion":[[0],[0],[0],[0],[0]],"WorldToView":[[-0.07294299999999998,0.99727899999999998,-0.01063899999999998,-106.33581700000000580],[0.99732499999999983,0.07298700000000001,0.00378399999999999,-117.83600000000001273],[0.00454999999999999,-0.01033399999999998,-0.99993600000000011,593.16938900000002377],[0,0,0,1]]}}