{"class":"Image.Calibration.CameraModel","data":{"CameraID":"Cam_93, Grasshopper3 GS-U3-23S6M, , ","ImageWidth":480,"ImageHeight":300,"FocalDistance":0,"FocalDistanceUnit":"","IntrinsicK":[[1.03558861449999994e+03,0,238.97283950000002050],[0,1.03514413900000022e+03,148.55417300000002001],[0,0,1]],"WorldToSensorDistortion":[[-0.20850700000000004],[1.40188500000000004],[0],[0],[0]],"SensorToWorldDistortion":[[0],[0],[0],[0],[0]],"WorldToView":[[-0.02480599999999999,0.99266300000000011,-0.11833600000000001,-267.00002599999999119],[0.99968400000000006,0.02508799999999999,8.94000000000000127e-04,-92.38842500000001223],[0.00385599999999999,-0.11827699999999998,-0.99297300000000010,622.87606899999991583],[0,0,0,1]]}}